{"cameraMode":{"drawMode":0,"name":"Shaded","section":"Shading Mode"},"sceneLighting":false,"audioPlay":false,"sceneViewState":{"showFog":true,"showMaterialUpdate":false,"showSkybox":false,"showFlares":true,"showImageEffects":true,"showParticleSystems":true},"in2DMode":false,"pivot":{"x":5.329988956451416,"y":5.041804313659668,"z":1.0236775875091553},"rotation":{"x":-0.10958883166313172,"y":0.002084505744278431,"z":-0.0002311449934495613,"w":-0.9939794540405273},"size":1.2794275283813477,"orthographic":false}