{"cameraMode":{"drawMode":0,"name":"Shaded","section":"Shading Mode"},"sceneLighting":false,"audioPlay":false,"sceneViewState":{"showFog":true,"showMaterialUpdate":false,"showSkybox":false,"showFlares":true,"showImageEffects":true,"showParticleSystems":true},"in2DMode":false,"pivot":{"x":5.441683769226074,"y":4.933620452880859,"z":1.0},"rotation":{"x":-0.10958883166313172,"y":0.002084505744278431,"z":-0.0002311449934495613,"w":-0.9939794540405273},"size":0.4460377097129822,"orthographic":false}